timestamp,price,size,aggressor_side
2026-03-02 12:00:00.038300976,265.880000000,107,A
2026-03-02 12:00:00.038307901,265.880000000,53,A
2026-03-02 12:00:00.038307901,265.880000000,54,A
2026-03-02 12:00:00.038309606,265.880000000,56,A
2026-03-02 12:00:00.038326658,265.880000000,1,A
2026-03-02 12:00:00.048782217,265.870000000,50,A
2026-03-02 12:00:00.049132128,265.870000000,100,B
2026-03-02 12:00:00.141848580,265.880000000,20,B
2026-03-02 12:00:00.151698990,265.890000000,20,B
2026-03-02 12:00:00.660669701,265.890000000,1,A
2026-03-02 12:00:00.676613424,265.880000000,13,A
2026-03-02 12:00:01.118501936,265.860000000,100,A
2026-03-02 12:00:01.118508250,265.860000000,80,A
2026-03-02 12:00:01.118509723,265.860000000,20,A
2026-03-02 12:00:03.925885042,265.830000000,100,A
2026-03-02 12:00:03.925885042,265.830000000,100,A
2026-03-02 12:00:03.925885042,265.830000000,1,A
2026-03-02 12:00:03.925911895,265.830000000,1,A
2026-03-02 12:00:03.925976536,265.830000000,20,A
2026-03-02 12:00:03.926186694,265.830000000,79,A
2026-03-02 12:00:03.926186694,265.830000000,100,A
2026-03-02 12:00:03.926186694,265.830000000,20,A
2026-03-02 12:00:03.926205638,265.830000000,100,A
2026-03-02 12:00:03.926286891,265.830000000,10,B
2026-03-02 12:00:03.926286891,265.830000000,50,B
2026-03-02 12:00:03.926437771,265.840000000,100,B
2026-03-02 12:00:03.926437771,265.840000000,50,B
2026-03-02 12:00:03.926437771,265.840000000,30,B
2026-03-02 12:00:03.926503541,265.840000000,46,A
2026-03-02 12:00:03.926518737,265.840000000,4,A
2026-03-02 12:00:03.926518737,265.830000000,42,A
2026-03-02 12:00:03.926533238,265.830000000,46,A
2026-03-02 12:00:03.926600785,265.830000000,12,A
2026-03-02 12:00:03.926600785,265.830000000,25,A
2026-03-02 12:00:03.926600785,265.830000000,63,A
2026-03-02 12:00:03.934861921,265.860000000,1,B
2026-03-02 12:00:03.934889805,265.860000000,11,B
2026-03-02 12:00:03.934901477,265.860000000,11,B
2026-03-02 12:00:03.934926895,265.860000000,89,B
2026-03-02 12:00:03.937120063,265.870000000,100,A
2026-03-02 12:00:03.940899329,265.870000000,20,A
2026-03-02 12:00:03.940899329,265.870000000,118,A
2026-03-02 12:00:04.183842352,265.860000000,50,A
2026-03-02 12:00:04.183842352,265.860000000,25,A
2026-03-02 12:00:04.183842352,265.860000000,14,A
2026-03-02 12:00:04.283852569,265.850000000,100,A
2026-03-02 12:00:04.283852569,265.850000000,100,A
2026-03-02 12:00:04.293053761,265.840000000,20,A
2026-03-02 12:00:04.293491658,265.840000000,20,B
2026-03-02 12:00:04.694686826,265.850000000,50,B
2026-03-02 12:00:04.940333564,265.840000000,10,A
2026-03-02 12:00:04.940333564,265.840000000,50,A
2026-03-02 12:00:04.940333564,265.840000000,25,A
2026-03-02 12:00:05.602704635,265.870000000,12,B
2026-03-02 12:00:05.602704635,265.870000000,44,B
2026-03-02 12:00:05.602704635,265.870000000,20,B
2026-03-02 12:00:06.249604082,265.860000000,105,A
2026-03-02 12:00:06.249604082,265.860000000,12,A
2026-03-02 12:00:06.249604082,265.860000000,100,A
2026-03-02 12:00:06.778103571,265.860000000,20,B
2026-03-02 12:00:06.888492087,265.870000000,20,B
2026-03-02 12:00:06.911008671,265.860000000,20,B
2026-03-02 12:00:06.912287623,265.860000000,20,B
2026-03-02 12:00:06.917232176,265.860000000,20,B
2026-03-02 12:00:07.841916695,265.870000000,20,B
2026-03-02 12:00:07.958318217,265.880000000,20,B
2026-03-02 12:00:07.965852749,265.890000000,1,B
2026-03-02 12:00:08.747217862,265.870000000,20,B
2026-03-02 12:00:08.747217862,265.870000000,25,B
2026-03-02 12:00:08.747217862,265.870000000,4,B
2026-03-02 12:00:09.417650513,265.880000000,20,B
2026-03-02 12:00:09.498179497,265.880000000,20,B
2026-03-02 12:00:09.638596328,265.880000000,17,A
2026-03-02 12:00:09.638624829,265.880000000,80,A
2026-03-02 12:00:09.638626207,265.880000000,3,A
2026-03-02 12:00:09.638626207,265.880000000,37,A
2026-03-02 12:00:09.638631138,265.880000000,28,A
2026-03-02 12:00:09.887886608,265.860000000,20,A
2026-03-02 12:00:10.102180085,265.860000000,20,B
2026-03-02 12:00:10.206455889,265.870000000,20,B
2026-03-02 12:00:10.206696607,265.870000000,20,B
2026-03-02 12:00:10.207382160,265.870000000,20,B
2026-03-02 12:00:10.924471998,265.870000000,25,B
2026-03-02 12:00:11.061869650,265.870000000,20,B
2026-03-02 12:00:11.066499975,265.860000000,25,A
2026-03-02 12:00:11.066499975,265.860000000,10,A
2026-03-02 12:00:11.066499975,265.860000000,10,A
2026-03-02 12:00:11.066499975,265.860000000,20,A
2026-03-02 12:00:11.066536518,265.860000000,1,A
2026-03-02 12:00:11.067732660,265.850000000,1,A
2026-03-02 12:00:11.080684006,265.860000000,20,B
2026-03-02 12:00:11.080684006,265.860000000,20,B
2026-03-02 12:00:11.100548077,265.860000000,20,B
2026-03-02 12:00:11.734347853,265.870000000,10,A
2026-03-02 12:00:11.822308908,265.860000000,100,A
2026-03-02 12:00:12.615642947,265.860000000,20,A
2026-03-02 12:00:12.685327726,265.860000000,20,A
2026-03-02 12:00:12.726816222,265.860000000,20,B
2026-03-02 12:00:12.789600446,265.870000000,20,B
2026-03-02 12:00:12.790086928,265.870000000,20,B
2026-03-02 12:00:13.080740213,265.870000000,20,B
2026-03-02 12:00:13.082306269,265.880000000,20,B
2026-03-02 12:00:13.542742819,265.880000000,20,B
2026-03-02 12:00:13.661471659,265.900000000,1,B
2026-03-02 12:00:13.661492231,265.900000000,5,B
2026-03-02 12:00:13.661492231,265.900000000,50,B
2026-03-02 12:00:13.661492231,265.900000000,25,B
2026-03-02 12:00:13.662978005,265.900000000,100,B
2026-03-02 12:00:15.195464238,265.890000000,10,A
2026-03-02 12:00:15.195464238,265.890000000,50,A
2026-03-02 12:00:15.195464238,265.890000000,25,A
2026-03-02 12:00:15.196603346,265.890000000,20,B
2026-03-02 12:00:15.553159036,265.880000000,80,A
2026-03-02 12:00:15.553191256,265.880000000,1,A
2026-03-02 12:00:15.553334694,265.880000000,119,A
2026-03-02 12:00:15.553334694,265.880000000,81,A
2026-03-02 12:00:15.553360346,265.880000000,20,A
2026-03-02 12:00:15.553393040,265.880000000,2,A
2026-03-02 12:00:16.592790688,265.870000000,1,A
2026-03-02 12:00:16.592790688,265.870000000,59,A
2026-03-02 12:00:16.592800608,265.870000000,42,A
2026-03-02 12:00:16.592800608,265.870000000,147,A
2026-03-02 12:00:16.592829610,265.870000000,53,A
2026-03-02 12:00:16.592829610,265.870000000,1,A
2026-03-02 12:00:16.592854004,265.870000000,54,A
2026-03-02 12:00:16.592932809,265.870000000,146,A
2026-03-02 12:00:16.592955931,265.870000000,146,A
2026-03-02 12:00:16.593007202,265.870000000,26,A
2026-03-02 12:00:16.593055289,265.870000000,10,A
2026-03-02 12:00:16.597640427,265.870000000,18,A
2026-03-02 12:00:16.597640427,265.870000000,81,A
2026-03-02 12:00:16.617951476,265.870000000,19,A
2026-03-02 12:00:16.895361019,265.870000000,20,B
2026-03-02 12:00:17.182859698,265.870000000,10,A
2026-03-02 12:00:17.184473107,265.860000000,100,A
2026-03-02 12:00:17.184473107,265.860000000,100,A
2026-03-02 12:00:19.263360145,265.850000000,3,A
2026-03-02 12:00:19.263360145,265.850000000,25,A
2026-03-02 12:00:19.263360145,265.850000000,1,A
2026-03-02 12:00:19.263383683,265.850000000,1,A
2026-03-02 12:00:20.086464123,265.830000000,68,A
2026-03-02 12:00:20.447076017,265.830000000,100,A
2026-03-02 12:00:20.447076017,265.830000000,50,A
2026-03-02 12:00:20.451631022,265.820000000,1,A
2026-03-02 12:00:20.451631022,265.820000000,120,A
2026-03-02 12:00:20.606505219,265.810000000,20,A
2026-03-02 12:00:20.606505219,265.810000000,100,A
2026-03-02 12:00:20.606505219,265.810000000,50,A
2026-03-02 12:00:20.606558396,265.810000000,1,A
2026-03-02 12:00:20.606608577,265.810000000,46,A
2026-03-02 12:00:20.606638866,265.810000000,2,A
2026-03-02 12:00:20.606643489,265.810000000,51,A
2026-03-02 12:00:20.606643489,265.810000000,48,A
2026-03-02 12:00:20.606721891,265.810000000,7,A
2026-03-02 12:00:20.606832752,265.810000000,45,A
2026-03-02 12:00:20.606832752,265.810000000,100,A
2026-03-02 12:00:20.606833134,265.810000000,34,A
2026-03-02 12:00:20.606895066,265.810000000,100,A
2026-03-02 12:00:20.607011660,265.810000000,66,A
2026-03-02 12:00:20.607899451,265.810000000,20,B
2026-03-02 12:00:20.607899451,265.810000000,60,B
2026-03-02 12:00:22.272991642,265.820000000,10,A
2026-03-02 12:00:22.273019915,265.830000000,20,B
2026-03-02 12:00:22.273040278,265.830000000,50,B
2026-03-02 12:00:22.278546405,265.830000000,1,B
2026-03-02 12:00:22.296835698,265.820000000,10,A
2026-03-02 12:00:24.201308885,265.840000000,20,B
2026-03-02 12:00:24.596504926,265.840000000,100,A
2026-03-02 12:00:24.886771263,265.820000000,1,A
2026-03-02 12:00:24.886771263,265.820000000,100,A
2026-03-02 12:00:26.216199197,265.780000000,40,A
2026-03-02 12:00:26.216199197,265.780000000,1,A
2026-03-02 12:00:26.216199197,265.780000000,34,A
2026-03-02 12:00:26.216199197,265.780000000,25,A
2026-03-02 12:00:26.216506544,265.780000000,75,A
2026-03-02 12:00:26.462360504,265.780000000,1,B
2026-03-02 12:00:26.462380523,265.780000000,19,B
2026-03-02 12:00:26.462380523,265.780000000,193,B
2026-03-02 12:00:26.462380523,265.780000000,25,B
2026-03-02 12:00:27.150054893,265.790000000,97,B
2026-03-02 12:00:27.150074376,265.790000000,96,B
2026-03-02 12:00:28.406635468,265.810000000,1,B
2026-03-02 12:00:28.412911698,265.820000000,59,B
2026-03-02 12:00:28.412911698,265.820000000,100,B
2026-03-02 12:00:29.672655459,265.820000000,1,A
2026-03-02 12:00:29.770033465,265.820000000,40,B
2026-03-02 12:00:29.770033465,265.820000000,10,B
2026-03-02 12:00:29.770033465,265.820000000,20,B
2026-03-02 12:00:29.785944430,265.830000000,20,B
2026-03-02 12:00:29.801106880,265.840000000,20,B
2026-03-02 12:00:30.204613853,265.830000000,25,A
2026-03-02 12:00:30.926208904,265.820000000,104,A
2026-03-02 12:00:30.975576336,265.810000000,99,A
2026-03-02 12:00:31.468076357,265.810000000,20,B
2026-03-02 12:00:31.468102329,265.820000000,25,B
2026-03-02 12:00:31.468102329,265.820000000,50,B
2026-03-02 12:00:31.468102329,265.820000000,17,B
2026-03-02 12:00:31.468127193,265.820000000,1,B
2026-03-02 12:00:31.919392774,265.820000000,2,B
2026-03-02 12:00:33.625351763,265.820000000,18,B
2026-03-02 12:00:33.625351763,265.820000000,25,B
2026-03-02 12:00:33.628433280,265.830000000,20,B
2026-03-02 12:00:34.905500490,265.840000000,20,B
2026-03-02 12:00:35.666786524,265.840000000,20,B
2026-03-02 12:00:35.800488910,265.840000000,100,B
2026-03-02 12:00:36.699954919,265.830000000,100,A
2026-03-02 12:00:36.699954919,265.830000000,1,A
2026-03-02 12:00:36.699954919,265.830000000,9,A
2026-03-02 12:00:36.699954919,265.830000000,25,A
2026-03-02 12:00:36.699954919,265.830000000,35,A
2026-03-02 12:00:36.699979605,265.830000000,1,A
2026-03-02 12:00:36.699985427,265.830000000,64,A
2026-03-02 12:00:36.699985427,265.830000000,66,A
2026-03-02 12:00:36.705232292,265.825000000,100,A
2026-03-02 12:00:36.718361962,265.820000000,100,A
2026-03-02 12:00:37.091625044,265.820000000,10,A
2026-03-02 12:00:37.091625044,265.820000000,37,A
2026-03-02 12:00:39.081881020,265.820000000,86,A
2026-03-02 12:00:39.081903248,265.820000000,1,A
2026-03-02 12:00:39.081921597,265.820000000,13,A
2026-03-02 12:00:39.238204986,265.820000000,27,B
2026-03-02 12:00:39.238235234,265.830000000,20,B
2026-03-02 12:00:39.341621047,265.840000000,2,B
2026-03-02 12:00:39.938587535,265.830000000,10,B
2026-03-02 12:00:40.448255343,265.830000000,20,B
2026-03-02 12:00:42.005405136,265.830000000,10,B
2026-03-02 12:00:42.433124729,265.810000000,101,A
2026-03-02 12:00:42.807841290,265.810000000,20,B
2026-03-02 12:00:42.823998105,265.820000000,20,B
2026-03-02 12:00:42.834478730,265.830000000,100,B
2026-03-02 12:00:43.157220951,265.810000000,25,A
2026-03-02 12:00:44.393947271,265.810000000,25,A
2026-03-02 12:00:44.393947271,265.810000000,35,A
2026-03-02 12:00:44.393968367,265.810000000,1,A
2026-03-02 12:00:47.357896210,265.830000000,1,B
2026-03-02 12:00:47.796516690,265.830000000,35,B
2026-03-02 12:00:47.796516690,265.830000000,2,B
2026-03-02 12:00:47.796516690,265.840000000,13,B
2026-03-02 12:00:48.570743998,265.840000000,2,B
2026-03-02 12:00:48.570743998,265.840000000,1,B
2026-03-02 12:00:48.570743998,265.840000000,22,B
2026-03-02 12:00:48.689413510,265.830000000,50,A
2026-03-02 12:00:48.689434001,265.830000000,1,A
2026-03-02 12:00:48.712532930,265.830000000,49,A
2026-03-02 12:00:48.712532930,265.830000000,4,A
2026-03-02 12:00:50.309144267,265.825000000,100,A
2026-03-02 12:00:51.121386288,265.840000000,1,B
2026-03-02 12:00:51.121407818,265.840000000,1,B
2026-03-02 12:00:51.121750499,265.840000000,100,A
2026-03-02 12:00:51.121829732,265.840000000,3,B
2026-03-02 12:00:51.121849729,265.840000000,97,B
2026-03-02 12:00:51.121849729,265.840000000,47,B
2026-03-02 12:00:51.121870279,265.840000000,1,B
2026-03-02 12:00:51.389849569,265.840000000,25,B
2026-03-02 12:00:51.391215097,265.850000000,99,B
2026-03-02 12:00:51.565554230,265.840000000,20,A
2026-03-02 12:00:51.565626069,265.830000000,100,A
2026-03-02 12:00:51.565626069,265.830000000,21,A
2026-03-02 12:00:51.565626069,265.830000000,3,A
2026-03-02 12:00:51.565626069,265.830000000,97,A
2026-03-02 12:00:51.565626069,265.830000000,109,A
2026-03-02 12:00:51.565653295,265.830000000,1,A
2026-03-02 12:00:51.565668296,265.830000000,99,A
2026-03-02 12:00:51.574651938,265.820000000,12,A
2026-03-02 12:00:51.590750080,265.820000000,9,A
2026-03-02 12:00:51.590750080,265.820000000,27,A
2026-03-02 12:00:52.235750468,265.805000000,100,A
2026-03-02 12:00:52.984944599,265.775000000,50,A
2026-03-02 12:00:52.987418685,265.780000000,10,B
2026-03-02 12:00:52.987418685,265.780000000,25,B
2026-03-02 12:00:52.987418685,265.780000000,1,B
2026-03-02 12:00:53.460406982,265.790000000,22,B
2026-03-02 12:00:54.112945656,265.800000000,3,B
2026-03-02 12:00:54.849574599,265.800000000,50,B
2026-03-02 12:00:56.911064749,265.800000000,10,B
2026-03-02 12:00:56.911064749,265.800000000,25,B
2026-03-02 12:00:56.911064749,265.800000000,45,B
2026-03-02 12:00:57.844506592,265.790000000,50,A
2026-03-02 12:00:57.844527160,265.790000000,1,A
2026-03-02 12:00:58.412108125,265.800000000,100,A
2026-03-02 12:00:58.859067135,265.810000000,10,B
2026-03-02 12:00:58.859067135,265.810000000,25,B
2026-03-02 12:01:00.029885145,265.810000000,3,B
2026-03-02 12:01:00.029885145,265.810000000,16,B
2026-03-02 12:01:00.029905460,265.810000000,44,B
2026-03-02 12:01:00.029926722,265.810000000,1,B
2026-03-02 12:01:00.164283521,265.810000000,1,B
2026-03-02 12:01:00.191812354,265.820000000,26,B
2026-03-02 12:01:00.192081267,265.820000000,74,B
2026-03-02 12:01:00.344853974,265.815000000,100,A
2026-03-02 12:01:00.453432189,265.815000000,40,A
2026-03-02 12:01:00.453432189,265.830000000,5,B
2026-03-02 12:01:00.453453432,265.830000000,15,B
2026-03-02 12:01:00.453479633,265.830000000,50,A
2026-03-02 12:01:02.405390539,265.840000000,1,A
2026-03-02 12:01:02.460867801,265.835000000,9,A
2026-03-02 12:01:02.579476084,265.840000000,100,B
2026-03-02 12:01:02.579476084,265.840000000,77,B
2026-03-02 12:01:02.841154922,265.830000000,100,A
2026-03-02 12:01:02.841154922,265.830000000,100,A
2026-03-02 12:01:02.841163249,265.830000000,200,A
2026-03-02 12:01:02.841165781,265.830000000,100,A
2026-03-02 12:01:02.841287492,265.820000000,20,A
2026-03-02 12:01:02.841287492,265.820000000,107,A
2026-03-02 12:01:02.841293132,265.820000000,100,A
2026-03-02 12:01:02.841293132,265.820000000,27,A
2026-03-02 12:01:02.932521783,265.820000000,9,B
2026-03-02 12:01:04.505800632,265.820000000,50,B
2026-03-02 12:01:05.618086991,265.820000000,28,B
2026-03-02 12:01:05.642765928,265.810000000,100,A
2026-03-02 12:01:05.642765928,265.810000000,107,A
2026-03-02 12:01:05.642771722,265.810000000,100,A
2026-03-02 12:01:05.940920075,265.800000000,2,A
2026-03-02 12:01:06.813897449,265.790000000,26,A
2026-03-02 12:01:06.813917326,265.790000000,1,A
2026-03-02 12:01:06.813917724,265.790000000,67,A
2026-03-02 12:01:06.813924080,265.790000000,6,A
2026-03-02 12:01:06.841106648,265.790000000,10,B
2026-03-02 12:01:06.841106648,265.790000000,25,B
2026-03-02 12:01:06.841106648,265.790000000,1,B
2026-03-02 12:01:08.245371313,265.780000000,1,A
2026-03-02 12:01:08.245371313,265.770000000,36,A
2026-03-02 12:01:08.245371313,265.770000000,9,A
2026-03-02 12:01:10.266717604,265.790000000,25,B
2026-03-02 12:01:10.266717604,265.790000000,5,B
2026-03-02 12:01:10.267511605,265.800000000,1,B
2026-03-02 12:01:10.489558859,265.790000000,10,A
2026-03-02 12:01:10.489558859,265.790000000,20,A
2026-03-02 12:01:10.489558859,265.790000000,20,A
2026-03-02 12:01:10.489580260,265.790000000,1,A
2026-03-02 12:01:10.489685360,265.790000000,1,A
2026-03-02 12:01:10.491516720,265.790000000,127,A
2026-03-02 12:01:10.491516720,265.790000000,5,A
2026-03-02 12:01:10.592759281,265.790000000,75,A
2026-03-02 12:01:11.522884148,265.795000000,25,B
2026-03-02 12:01:11.523644384,265.790000000,20,A
2026-03-02 12:01:12.307223601,265.795000000,26,B
2026-03-02 12:01:13.089476439,265.820000000,100,B
2026-03-02 12:01:13.353887191,265.840000000,6,B
2026-03-02 12:01:13.375831310,265.850000000,1,B
2026-03-02 12:01:13.375837157,265.850000000,1,B
2026-03-02 12:01:13.375837157,265.850000000,100,B
2026-03-02 12:01:13.375837157,265.850000000,120,B
2026-03-02 12:01:13.375837157,265.850000000,1,B
2026-03-02 12:01:13.614186022,265.840000000,106,A
2026-03-02 12:01:14.788701587,265.830000000,100,A
2026-03-02 12:01:14.791443545,265.820000000,100,A
2026-03-02 12:01:15.299264623,265.810000000,1,A
2026-03-02 12:01:15.299264623,265.810000000,1,A
2026-03-02 12:01:16.540440921,265.800000000,75,A
2026-03-02 12:01:16.540461554,265.800000000,25,A
2026-03-02 12:01:16.647124170,265.790000000,20,B
2026-03-02 12:01:16.647124170,265.790000000,20,B
2026-03-02 12:01:17.353962849,265.800000000,20,B
2026-03-02 12:01:17.353962849,265.800000000,20,B
2026-03-02 12:01:17.431012009,265.805000000,65,B
2026-03-02 12:01:17.559834371,265.800000000,100,A
2026-03-02 12:01:17.566821490,265.800000000,44,A
2026-03-02 12:01:17.566821490,265.800000000,6,A
2026-03-02 12:01:17.566842884,265.800000000,1,A
2026-03-02 12:01:17.566860193,265.800000000,10,A
2026-03-02 12:01:18.106900044,265.790000000,25,A
2026-03-02 12:01:18.106900044,265.790000000,10,A
2026-03-02 12:01:18.106900044,265.780000000,25,A
2026-03-02 12:01:18.106900044,265.780000000,100,A
2026-03-02 12:01:18.106900044,265.780000000,1,A
2026-03-02 12:01:18.106900044,265.780000000,9,A
2026-03-02 12:01:18.106925423,265.780000000,91,A
2026-03-02 12:01:18.106925423,265.780000000,100,A
2026-03-02 12:01:18.107167778,265.790000000,25,B
2026-03-02 12:01:18.107167778,265.790000000,20,B
2026-03-02 12:01:19.405491753,265.800000000,20,B
2026-03-02 12:01:19.406359789,265.810000000,20,B
2026-03-02 12:01:19.498520895,265.810000000,1,A
2026-03-02 12:01:20.476645660,265.790000000,1,A
2026-03-02 12:01:20.476672659,265.790000000,35,A
2026-03-02 12:01:20.476695156,265.790000000,64,A
2026-03-02 12:01:20.476695156,265.790000000,100,A
2026-03-02 12:01:20.476695156,265.790000000,100,A
2026-03-02 12:01:20.476695156,265.790000000,104,A
2026-03-02 12:01:21.634998672,265.800000000,20,B
2026-03-02 12:01:23.591219345,265.800000000,20,B
2026-03-02 12:01:23.833711252,265.810000000,20,B
2026-03-02 12:01:23.834182819,265.820000000,200,B
2026-03-02 12:01:23.836223230,265.830000000,12,B
2026-03-02 12:01:24.644586472,265.840000000,10,B
2026-03-02 12:01:24.938344571,265.830000000,100,A
2026-03-02 12:01:28.926529848,265.820000000,1,A
2026-03-02 12:01:29.128046108,265.800000000,44,A
2026-03-02 12:01:29.128046108,265.800000000,25,A
2026-03-02 12:01:29.128046108,265.800000000,120,A
2026-03-02 12:01:29.128046108,265.800000000,25,A
2026-03-02 12:01:29.128046108,265.800000000,100,A
2026-03-02 12:01:29.145676153,265.800000000,50,B
2026-03-02 12:01:29.146799759,265.790000000,120,A
2026-03-02 12:01:29.146799759,265.790000000,80,A
2026-03-02 12:01:29.146815952,265.790000000,20,A
2026-03-02 12:01:29.146815952,265.790000000,30,A
2026-03-02 12:01:29.146820799,265.790000000,1,A
2026-03-02 12:01:29.356010143,265.790000000,50,A
2026-03-02 12:01:29.356030656,265.790000000,49,A
2026-03-02 12:01:29.356030656,265.790000000,100,A
2026-03-02 12:01:29.356030656,265.790000000,81,A
2026-03-02 12:01:29.356041826,265.790000000,100,A
2026-03-02 12:01:29.356041826,265.790000000,49,A
2026-03-02 12:01:29.356238530,265.790000000,70,A
2026-03-02 12:01:29.356238530,265.790000000,30,A
2026-03-02 12:01:29.356259866,265.790000000,70,A
2026-03-02 12:01:29.359488174,265.790000000,20,A
2026-03-02 12:01:30.889575460,265.780000000,50,A
2026-03-02 12:01:30.889595381,265.780000000,19,A
2026-03-02 12:01:34.092269996,265.780000000,1,A
2026-03-02 12:01:34.757440927,265.800000000,20,B
2026-03-02 12:01:34.757440927,265.800000000,1,B
2026-03-02 12:01:34.757440927,265.800000000,25,B
2026-03-02 12:01:34.757440927,265.800000000,400,B
2026-03-02 12:01:34.757466032,265.800000000,1,B
2026-03-02 12:01:34.757472118,265.800000000,7,B
2026-03-02 12:01:35.131698790,265.810000000,100,B
2026-03-02 12:01:35.131698790,265.810000000,93,B
2026-03-02 12:01:35.131704879,265.810000000,7,B
2026-03-02 12:01:35.131704879,265.810000000,93,B
2026-03-02 12:01:35.131705603,265.810000000,7,B
2026-03-02 12:01:36.096616253,265.825000000,25,B
2026-03-02 12:01:36.303552792,265.810000000,14,A
2026-03-02 12:01:36.303573750,265.810000000,12,A
2026-03-02 12:01:36.303575032,265.810000000,78,A
2026-03-02 12:01:36.651444822,265.790000000,43,A
2026-03-02 12:01:36.651468451,265.790000000,1,A
2026-03-02 12:01:36.651471038,265.790000000,56,A
2026-03-02 12:01:38.826800333,265.760000000,1,A
2026-03-02 12:01:38.826800333,265.760000000,1,A
2026-03-02 12:01:38.826800333,265.760000000,1,A
2026-03-02 12:01:38.826800333,265.760000000,1,A
2026-03-02 12:01:38.826862622,265.750000000,100,A
2026-03-02 12:01:38.826862622,265.750000000,5,A
2026-03-02 12:01:38.827387036,265.740000000,20,A
2026-03-02 12:01:38.827387036,265.740000000,20,A
2026-03-02 12:01:38.827387036,265.740000000,10,A
2026-03-02 12:01:38.827716098,265.740000000,1,B
2026-03-02 12:01:39.244645082,265.730000000,4,B
2026-03-02 12:01:39.304338497,265.730000000,25,A
2026-03-02 12:01:39.304338497,265.730000000,10,A
2026-03-02 12:01:39.304338497,265.730000000,35,A
2026-03-02 12:01:39.304338497,265.720000000,10,A
2026-03-02 12:01:39.304338497,265.720000000,20,A
2026-03-02 12:01:39.310289817,265.710000000,100,A
2026-03-02 12:01:40.926839607,265.700000000,1,A
2026-03-02 12:01:40.926839607,265.700000000,4,A
2026-03-02 12:01:40.926839607,265.700000000,4,A
2026-03-02 12:01:41.625788065,265.690000000,1,A
2026-03-02 12:01:42.827792230,265.670000000,46,A
2026-03-02 12:01:42.827812284,265.670000000,1,A
2026-03-02 12:01:42.827820712,265.670000000,53,A
2026-03-02 12:01:42.827820712,265.670000000,1,A
2026-03-02 12:01:42.827820712,265.670000000,20,A
2026-03-02 12:01:42.827820712,265.670000000,99,A
2026-03-02 12:01:42.829247619,265.665000000,50,A
2026-03-02 12:01:43.032614290,265.660000000,100,A
2026-03-02 12:01:43.032614290,265.665000000,9,B
2026-03-02 12:01:43.050261964,265.650000000,20,A
2026-03-02 12:01:45.267788153,265.640000000,5,A
2026-03-02 12:01:45.267788153,265.640000000,15,A
2026-03-02 12:01:45.267788153,265.640000000,40,A
2026-03-02 12:01:45.267811938,265.640000000,60,A
2026-03-02 12:01:45.267811938,265.640000000,20,A
2026-03-02 12:01:45.267811938,265.640000000,100,A
2026-03-02 12:01:45.267886255,265.640000000,10,B
2026-03-02 12:01:45.273998667,265.630000000,50,A
2026-03-02 12:01:45.273998667,265.630000000,50,A
2026-03-02 12:01:45.697826687,265.640000000,20,B
2026-03-02 12:01:45.697826687,265.640000000,2,B
2026-03-02 12:01:45.697847712,265.640000000,2,B
2026-03-02 12:01:46.201735937,265.640000000,20,A
2026-03-02 12:01:46.201735937,265.640000000,37,A
2026-03-02 12:01:46.225316261,265.630000000,100,A
2026-03-02 12:01:46.225316261,265.620000000,100,A
2026-03-02 12:01:46.225316261,265.620000000,100,A
2026-03-02 12:01:46.225316261,265.620000000,10,A
2026-03-02 12:01:46.229030180,265.625000000,100,B
2026-03-02 12:01:46.499947529,265.630000000,20,B
2026-03-02 12:01:46.932704014,265.625000000,51,A
2026-03-02 12:01:48.238195352,265.640000000,1,B
2026-03-02 12:01:48.731975546,265.640000000,10,B
2026-03-02 12:01:48.745164494,265.650000000,10,B
2026-03-02 12:01:48.756877788,265.660000000,10,B
2026-03-02 12:01:48.756877788,265.660000000,25,B
2026-03-02 12:01:48.756877788,265.660000000,7,B
2026-03-02 12:01:48.756899764,265.660000000,1,B
2026-03-02 12:01:48.802774518,265.650000000,43,A
2026-03-02 12:01:48.802774518,265.650000000,25,A
2026-03-02 12:01:48.802774518,265.640000000,25,A
2026-03-02 12:01:48.802774518,265.640000000,7,A
2026-03-02 12:01:53.867827739,265.630000000,100,A
2026-03-02 12:01:53.867827739,265.630000000,100,A
2026-03-02 12:01:53.867827739,265.620000000,4,A
2026-03-02 12:01:53.867827739,265.620000000,104,A
2026-03-02 12:01:53.867827739,265.620000000,60,A
2026-03-02 12:01:53.867853227,265.620000000,1,A
2026-03-02 12:01:54.233326784,265.620000000,20,A
2026-03-02 12:01:54.233348535,265.620000000,19,A
2026-03-02 12:01:54.233348535,265.620000000,1,A
2026-03-02 12:01:54.233348535,265.620000000,10,A
2026-03-02 12:01:54.233774840,265.610000000,100,A
2026-03-02 12:01:54.233774840,265.610000000,5,A
2026-03-02 12:01:54.233774840,265.610000000,1,A
2026-03-02 12:01:54.234279176,265.600000000,1,A
2026-03-02 12:01:54.234279176,265.600000000,9,A
2026-03-02 12:01:54.234279176,265.600000000,20,A
2026-03-02 12:01:54.234279176,265.600000000,1,A
2026-03-02 12:01:54.234280259,265.600000000,31,A
2026-03-02 12:01:54.263833530,265.600000000,20,A
2026-03-02 12:01:54.264085978,265.600000000,49,A
2026-03-02 12:01:55.810768172,265.620000000,100,B
2026-03-02 12:01:55.810843545,265.620000000,40,B
2026-03-02 12:01:56.133437485,265.620000000,50,B
2026-03-02 12:01:56.441166672,265.630000000,20,B
2026-03-02 12:01:58.459904941,265.640000000,25,B
2026-03-02 12:01:58.459904941,265.640000000,200,B
2026-03-02 12:01:58.459904941,265.640000000,100,B
2026-03-02 12:01:58.459904941,265.640000000,400,B
2026-03-02 12:01:58.459904941,265.640000000,100,B
2026-03-02 12:01:58.460264727,265.650000000,25,B
2026-03-02 12:01:58.460264727,265.650000000,20,B
2026-03-02 12:01:58.460918833,265.650000000,20,A
2026-03-02 12:02:00.702735774,265.640000000,20,A
2026-03-02 12:02:00.702735774,265.640000000,100,A
2026-03-02 12:02:00.702735774,265.640000000,108,A
2026-03-02 12:02:00.703188801,265.630000000,25,A
2026-03-02 12:02:00.703188801,265.630000000,100,A
2026-03-02 12:02:00.705002332,265.620000000,4,A
2026-03-02 12:02:00.705002682,265.620000000,16,A
2026-03-02 12:02:00.705331974,265.620000000,20,A
2026-03-02 12:02:00.761929435,265.625000000,20,B
2026-03-02 12:02:00.762193154,265.630000000,20,B
2026-03-02 12:02:01.619133671,265.635000000,20,B
2026-03-02 12:02:01.768852433,265.650000000,20,B
2026-03-02 12:02:02.458915998,265.630000000,50,A
2026-03-02 12:02:04.698491445,265.620000000,17,A
2026-03-02 12:02:04.698523356,265.620000000,83,A
2026-03-02 12:02:04.724763600,265.610000000,1,A
2026-03-02 12:02:04.741201153,265.610000000,46,A
2026-03-02 12:02:06.093773361,265.620000000,35,B
2026-03-02 12:02:06.093803816,265.620000000,20,B
2026-03-02 12:02:06.614838638,265.625000000,20,B
2026-03-02 12:02:06.615574561,265.625000000,20,B
2026-03-02 12:02:06.617746380,265.625000000,20,B
2026-03-02 12:02:07.743293231,265.620000000,175,B
2026-03-02 12:02:07.743293231,265.620000000,82,B
2026-03-02 12:02:07.743293231,265.620000000,25,B
2026-03-02 12:02:10.849756757,265.650000000,67,B
2026-03-02 12:02:10.849756757,265.650000000,400,B
2026-03-02 12:02:10.849756757,265.650000000,1,B
2026-03-02 12:02:10.850235844,265.650000000,1,B
2026-03-02 12:02:11.823475924,265.670000000,100,B
2026-03-02 12:02:11.823495724,265.670000000,100,B
2026-03-02 12:02:14.000753830,265.680000000,100,A
2026-03-02 12:02:14.000753830,265.680000000,102,A
2026-03-02 12:02:15.562704955,265.680000000,20,B
2026-03-02 12:02:15.612718887,265.690000000,200,B
2026-03-02 12:02:15.612718887,265.690000000,20,B
2026-03-02 12:02:15.612893975,265.700000000,15,B
2026-03-02 12:02:15.612893975,265.700000000,100,B
2026-03-02 12:02:17.695579443,265.710000000,10,A
2026-03-02 12:02:17.695579443,265.710000000,25,A
2026-03-02 12:02:17.695579443,265.710000000,40,A
2026-03-02 12:02:21.490666420,265.700000000,100,A
2026-03-02 12:02:21.490666420,265.700000000,25,A
2026-03-02 12:02:21.490666420,265.700000000,186,A
2026-03-02 12:02:21.490666420,265.700000000,26,A
2026-03-02 12:02:21.490691119,265.700000000,1,A
2026-03-02 12:02:21.491378710,265.700000000,20,B
2026-03-02 12:02:21.491378710,265.710000000,25,B
2026-03-02 12:02:21.491378710,265.710000000,10,B
2026-03-02 12:02:21.491378710,265.710000000,10,B
2026-03-02 12:02:21.491378710,265.710000000,10,B
2026-03-02 12:02:21.500623619,265.710000000,20,B
2026-03-02 12:02:21.501394804,265.720000000,1,B
2026-03-02 12:02:21.509866546,265.720000000,100,B
2026-03-02 12:02:21.521595063,265.720000000,100,B
2026-03-02 12:02:21.660710229,265.715000000,8,A
2026-03-02 12:02:22.023311595,265.700000000,200,A
2026-03-02 12:02:22.023311595,265.700000000,25,A
2026-03-02 12:02:22.023311595,265.700000000,9,A
2026-03-02 12:02:22.023333455,265.700000000,92,A
2026-03-02 12:02:23.025827382,265.700000000,20,B
2026-03-02 12:02:23.025827382,265.700000000,25,B
2026-03-02 12:02:23.025827382,265.710000000,25,B
2026-03-02 12:02:23.025827382,265.710000000,10,B
2026-03-02 12:02:23.025827382,265.720000000,10,B
2026-03-02 12:02:23.025827382,265.720000000,25,B
2026-03-02 12:02:23.025827382,265.720000000,25,B
2026-03-02 12:02:23.025827382,265.720000000,100,B
2026-03-02 12:02:23.025827382,265.720000000,25,B
2026-03-02 12:02:23.382959911,265.705000000,50,A
2026-03-02 12:02:23.382959911,265.705000000,50,A
2026-03-02 12:02:23.400144109,265.690000000,20,A
2026-03-02 12:02:23.414066635,265.680000000,100,A
2026-03-02 12:02:23.414087359,265.680000000,1,A
2026-03-02 12:02:23.414113095,265.680000000,20,A
2026-03-02 12:02:23.414502468,265.690000000,25,B
2026-03-02 12:02:23.414502468,265.690000000,10,B
2026-03-02 12:02:23.599830285,265.690000000,18,B
2026-03-02 12:02:25.398026477,265.700000000,100,A
2026-03-02 12:02:26.816232531,265.695000000,4,A
2026-03-02 12:02:30.309420284,265.700000000,20,B
2026-03-02 12:02:30.309420284,265.700000000,25,B
2026-03-02 12:02:30.309420284,265.700000000,400,B
2026-03-02 12:02:33.339911888,265.720000000,1,B
2026-03-02 12:02:33.339932236,265.720000000,19,B
2026-03-02 12:02:34.003537873,265.730000000,30,B
2026-03-02 12:02:34.003537873,265.730000000,50,B
2026-03-02 12:02:34.003537873,265.730000000,20,B
2026-03-02 12:02:34.003543625,265.740000000,10,B
2026-03-02 12:02:34.003543625,265.740000000,25,B
2026-03-02 12:02:34.003543625,265.740000000,40,B
2026-03-02 12:02:34.003543625,265.740000000,6,B
2026-03-02 12:02:34.003543625,265.740000000,25,B
2026-03-02 12:02:34.003997691,265.750000000,14,B
2026-03-02 12:02:34.003997691,265.750000000,1,B
2026-03-02 12:02:34.004454888,265.760000000,20,B
2026-03-02 12:02:34.005141667,265.760000000,50,A
2026-03-02 12:02:34.005141667,265.760000000,10,A
2026-03-02 12:02:34.005141667,265.760000000,25,A
2026-03-02 12:02:34.109286901,265.740000000,100,A
2026-03-02 12:02:34.362766609,265.745000000,100,B
2026-03-02 12:02:34.362766609,265.750000000,100,B
2026-03-02 12:02:34.362766609,265.760000000,20,B
2026-03-02 12:02:34.362766609,265.760000000,11,B
2026-03-02 12:02:34.362789478,265.760000000,1,B
2026-03-02 12:02:34.362927487,265.740000000,12,A
2026-03-02 12:02:34.362927487,265.740000000,25,A
2026-03-02 12:02:34.362927487,265.740000000,10,A
2026-03-02 12:02:34.415838446,265.730000000,100,A
2026-03-02 12:02:36.438652925,265.740000000,20,B
2026-03-02 12:02:36.438652925,265.740000000,12,B
2026-03-02 12:02:36.438673698,265.740000000,31,B
2026-03-02 12:02:36.438675241,265.740000000,1,B
2026-03-02 12:02:41.223719151,265.730000000,100,A
2026-03-02 12:02:41.223719151,265.730000000,21,A
2026-03-02 12:02:41.223719151,265.730000000,106,A
2026-03-02 12:02:41.223719151,265.730000000,100,A
2026-03-02 12:02:41.223719151,265.730000000,1,A
2026-03-02 12:02:41.223719151,265.730000000,25,A
2026-03-02 12:02:41.223719151,265.730000000,410,A
2026-03-02 12:02:41.223741378,265.730000000,190,A
2026-03-02 12:02:41.224190571,265.720000000,2,A
2026-03-02 12:02:41.224190571,265.720000000,10,A
2026-03-02 12:02:41.224190571,265.720000000,33,A
2026-03-02 12:02:41.224190571,265.720000000,200,A
2026-03-02 12:02:41.224242149,265.720000000,20,A
2026-03-02 12:02:41.224262237,265.720000000,158,A
2026-03-02 12:02:41.224263418,265.720000000,100,A
2026-03-02 12:02:41.831018884,265.710000000,94,B
2026-03-02 12:02:41.831039337,265.710000000,81,B
2026-03-02 12:02:43.731660083,265.730000000,20,B
2026-03-02 12:02:43.731660083,265.730000000,21,B
2026-03-02 12:02:44.603449189,265.750000000,1,B
2026-03-02 12:02:44.603728037,265.750000000,3,B
2026-03-02 12:02:44.606284834,265.760000000,200,B
2026-03-02 12:02:44.606466996,265.770000000,1,B
2026-03-02 12:02:44.606466996,265.770000000,20,B
2026-03-02 12:02:45.196639511,265.760000000,100,A
2026-03-02 12:02:45.221850480,265.760000000,20,A
2026-03-02 12:02:45.432809641,265.750000000,104,A
2026-03-02 12:02:45.432809641,265.750000000,4,A
2026-03-02 12:02:45.435777269,265.720000000,25,A
2026-03-02 12:02:45.467233142,265.715000000,100,A
2026-03-02 12:02:46.119743371,265.700000000,25,A
2026-03-02 12:02:46.119743371,265.700000000,18,A
2026-03-02 12:02:46.381543332,265.690000000,100,A
2026-03-02 12:02:46.381791504,265.680000000,100,A
2026-03-02 12:02:46.496813377,265.675000000,60,A
2026-03-02 12:02:46.496813377,265.670000000,100,A
2026-03-02 12:02:46.496888254,265.670000000,100,B
2026-03-02 12:02:46.496888254,265.670000000,159,B
2026-03-02 12:02:46.496908854,265.670000000,84,B
2026-03-02 12:02:46.496909950,265.670000000,1,B
2026-03-02 12:02:46.496922939,265.670000000,15,B
2026-03-02 12:02:46.496922939,265.670000000,35,B
2026-03-02 12:02:46.496931869,265.670000000,16,B
2026-03-02 12:02:46.496935137,265.670000000,16,B
2026-03-02 12:02:46.496937343,265.670000000,15,B
2026-03-02 12:02:46.496942813,265.670000000,18,B
2026-03-02 12:02:46.496942813,265.670000000,82,B
2026-03-02 12:02:46.496958763,265.670000000,18,B
2026-03-02 12:02:46.496958763,265.670000000,70,B
2026-03-02 12:02:46.500209509,265.680000000,161,B
2026-03-02 12:02:48.171598154,265.690000000,5,B
2026-03-02 12:02:49.171501725,265.720000000,20,B
2026-03-02 12:02:50.634025341,265.720000000,100,B
2026-03-02 12:02:50.634038908,265.710000000,100,A
2026-03-02 12:02:50.634038908,265.710000000,24,A
2026-03-02 12:02:50.634038908,265.710000000,102,A
2026-03-02 12:02:50.634038908,265.710000000,10,A
2026-03-02 12:02:50.646566128,265.710000000,26,B
2026-03-02 12:02:51.320300366,265.700000000,90,A
2026-03-02 12:02:51.320323205,265.700000000,1,A
2026-03-02 12:02:51.320323628,265.700000000,9,A
2026-03-02 12:02:51.320323628,265.700000000,41,A
2026-03-02 12:02:51.321027398,265.710000000,20,B
2026-03-02 12:02:51.325303256,265.710000000,2,B
2026-03-02 12:02:52.954458029,265.720000000,15,B
2026-03-02 12:02:52.955165756,265.730000000,200,B
2026-03-02 12:02:52.955165756,265.730000000,35,B
2026-03-02 12:02:53.078735587,265.730000000,1,A
2026-03-02 12:02:53.930024501,265.730000000,32,A
2026-03-02 12:02:53.930024501,265.730000000,25,A
2026-03-02 12:02:55.127993357,265.720000000,6,B
2026-03-02 12:02:55.440874860,265.720000000,14,B
2026-03-02 12:02:55.440874860,265.720000000,4,B
2026-03-02 12:02:55.440896066,265.720000000,48,B
2026-03-02 12:02:56.271583494,265.720000000,4,B
2026-03-02 12:02:57.991104724,265.700000000,62,A
2026-03-02 12:02:57.991104724,265.700000000,100,A
2026-03-02 12:02:59.862558857,265.695000000,100,A
2026-03-02 12:03:00.962157540,265.700000000,5,B
2026-03-02 12:03:00.962168350,265.700000000,15,B
2026-03-02 12:03:00.962168350,265.700000000,40,B
2026-03-02 12:03:00.962168350,265.700000000,100,B
2026-03-02 12:03:01.038791833,265.710000000,20,B
2026-03-02 12:03:01.158434553,265.710000000,20,B
2026-03-02 12:03:01.158434553,265.710000000,20,B
2026-03-02 12:03:01.159188225,265.720000000,1,B
2026-03-02 12:03:01.159188225,265.720000000,20,B
2026-03-02 12:03:01.174275846,265.730000000,20,B
2026-03-02 12:03:02.217927581,265.710000000,20,B
2026-03-02 12:03:03.184782547,265.700000000,100,A
2026-03-02 12:03:03.184809550,265.690000000,19,A
2026-03-02 12:03:03.833352032,265.690000000,2,B
2026-03-02 12:03:03.833372353,265.690000000,18,B
2026-03-02 12:03:03.838133579,265.690000000,38,B
2026-03-02 12:03:04.409750854,265.680000000,2,A
2026-03-02 12:03:04.409750854,265.680000000,83,A
2026-03-02 12:03:04.409776689,265.680000000,1,A
2026-03-02 12:03:04.409813151,265.680000000,16,A
2026-03-02 12:03:04.409813151,265.680000000,83,A
2026-03-02 12:03:04.409813151,265.680000000,20,A
2026-03-02 12:03:04.971134149,265.690000000,20,B
2026-03-02 12:03:04.971134149,265.690000000,20,B
2026-03-02 12:03:05.027969219,265.690000000,42,B
2026-03-02 12:03:05.028016939,265.690000000,58,B
2026-03-02 12:03:05.028016939,265.680000000,107,A
2026-03-02 12:03:05.028077066,265.680000000,100,A
2026-03-02 12:03:05.029410097,265.680000000,20,B
2026-03-02 12:03:05.038570659,265.680000000,20,B
2026-03-02 12:03:05.049045398,265.690000000,20,B
2026-03-02 12:03:05.049293610,265.690000000,20,B
2026-03-02 12:03:05.049545072,265.690000000,20,B
2026-03-02 12:03:05.049814235,265.690000000,20,B
2026-03-02 12:03:05.059445564,265.680000000,25,A
2026-03-02 12:03:05.059445564,265.680000000,40,A
2026-03-02 12:03:06.591940598,265.700000000,20,B
2026-03-02 12:03:06.628303488,265.700000000,50,A
2026-03-02 12:03:07.338088521,265.700000000,20,B
2026-03-02 12:03:07.338414862,265.700000000,3,B
2026-03-02 12:03:07.908943448,265.710000000,200,B
2026-03-02 12:03:07.908963459,265.710000000,1,B
2026-03-02 12:03:07.908966195,265.710000000,20,B
2026-03-02 12:03:07.908993709,265.710000000,179,B
2026-03-02 12:03:07.908993709,265.710000000,20,B
2026-03-02 12:03:07.908995553,265.710000000,179,B
2026-03-02 12:03:09.217101713,265.700000000,100,A
2026-03-02 12:03:10.051728203,265.695000000,100,A
2026-03-02 12:03:11.209217028,265.700000000,20,B
2026-03-02 12:03:11.679515979,265.690000000,83,A
2026-03-02 12:03:11.679536532,265.690000000,17,A
2026-03-02 12:03:11.685827984,265.680000000,25,A
2026-03-02 12:03:11.686277484,265.680000000,36,B
2026-03-02 12:03:11.686298032,265.680000000,1,B
2026-03-02 12:03:11.686330818,265.680000000,19,B
2026-03-02 12:03:11.686330818,265.680000000,1,B
2026-03-02 12:03:13.596256214,265.670000000,22,A
2026-03-02 12:03:13.596278090,265.670000000,22,A
2026-03-02 12:03:13.596283368,265.670000000,56,A
2026-03-02 12:03:13.596283368,265.670000000,100,A
2026-03-02 12:03:14.161799288,265.670000000,100,A
2026-03-02 12:03:15.209912673,265.670000000,160,A
2026-03-02 12:03:15.682091066,265.680000000,20,B
2026-03-02 12:03:15.682091066,265.680000000,50,B
2026-03-02 12:03:15.682126495,265.690000000,25,B
2026-03-02 12:03:15.682126495,265.690000000,10,B
2026-03-02 12:03:15.682126495,265.690000000,1,B
2026-03-02 12:03:15.682126495,265.690000000,392,B
2026-03-02 12:03:15.682129188,265.690000000,9,B
2026-03-02 12:03:15.682129188,265.690000000,20,B
2026-03-02 12:03:15.682563178,265.700000000,20,B
2026-03-02 12:03:15.682610986,265.700000000,80,B
2026-03-02 12:03:15.682610986,265.700000000,20,B
2026-03-02 12:03:15.682615554,265.700000000,100,B
2026-03-02 12:03:15.682860638,265.690000000,51,B
2026-03-02 12:03:15.682860638,265.700000000,390,B
2026-03-02 12:03:15.682860638,265.700000000,100,B
2026-03-02 12:03:15.682860638,265.700000000,49,B
2026-03-02 12:03:15.682872450,265.690000000,50,A
2026-03-02 12:03:15.682872450,265.690000000,1,A
2026-03-02 12:03:18.169603460,265.690000000,100,A
2026-03-02 12:03:18.169603460,265.690000000,104,A
2026-03-02 12:03:18.182253166,265.680000000,20,B
2026-03-02 12:03:18.430509759,265.690000000,1,B
2026-03-02 12:03:18.430530782,265.690000000,19,B
2026-03-02 12:03:19.986908057,265.660000000,1,A
2026-03-02 12:03:19.986908057,265.660000000,100,A
2026-03-02 12:03:19.992400712,265.650000000,20,B
2026-03-02 12:03:19.992400712,265.650000000,10,B
2026-03-02 12:03:19.992400712,265.650000000,100,B
2026-03-02 12:03:19.992400712,265.650000000,20,B
2026-03-02 12:03:19.993683003,265.650000000,1,B
2026-03-02 12:03:19.993683003,265.650000000,20,B
2026-03-02 12:03:20.020279560,265.650000000,100,A
2026-03-02 12:03:20.020279560,265.650000000,100,A
2026-03-02 12:03:21.050802059,265.680000000,1,B
2026-03-02 12:03:21.320318512,265.700000000,30,B
2026-03-02 12:03:21.320338461,265.700000000,125,B
2026-03-02 12:03:23.783201930,265.710000000,30,B
2026-03-02 12:03:23.783201930,265.710000000,126,B
2026-03-02 12:03:23.783201930,265.710000000,18,B
2026-03-02 12:03:23.783224767,265.710000000,1,B
2026-03-02 12:03:23.784150725,265.710000000,1,B
2026-03-02 12:03:24.132625282,265.710000000,40,A
2026-03-02 12:03:24.132652547,265.710000000,1,A
2026-03-02 12:03:24.132660083,265.710000000,58,A
2026-03-02 12:03:24.791111037,265.720000000,5,B
2026-03-02 12:03:24.791111037,265.720000000,6,B
2026-03-02 12:03:24.791111037,265.720000000,13,B
2026-03-02 12:03:26.357675042,265.740000000,1,B
2026-03-02 12:03:26.357927273,265.740000000,100,B
2026-03-02 12:03:27.051138219,265.750000000,25,B
2026-03-02 12:03:27.051158686,265.750000000,1,B
2026-03-02 12:03:27.807737363,265.740000000,100,A
2026-03-02 12:03:27.807737363,265.740000000,25,A
2026-03-02 12:03:27.808253897,265.730000000,100,A
2026-03-02 12:03:27.808253897,265.730000000,104,A
2026-03-02 12:03:27.816329848,265.730000000,66,A
2026-03-02 12:03:27.816350667,265.730000000,1,A
2026-03-02 12:03:29.547356396,265.730000000,25,A
2026-03-02 12:03:29.547377046,265.730000000,1,A
2026-03-02 12:03:29.551197680,265.730000000,7,A
2026-03-02 12:03:29.561329099,265.720000000,99,A
2026-03-02 12:03:29.561329099,265.720000000,200,A
2026-03-02 12:03:30.746041147,265.710000000,1,A
2026-03-02 12:03:31.921562792,265.720000000,10,B
2026-03-02 12:03:31.951392526,265.740000000,2,B
2026-03-02 12:03:31.951392526,265.740000000,25,B
2026-03-02 12:03:32.212959485,265.750000000,12,B
2026-03-02 12:03:32.213233347,265.750000000,99,B
2026-03-02 12:03:32.258190518,265.760000000,100,B
2026-03-02 12:03:34.175485427,265.770000000,2,B
2026-03-02 12:03:34.226335999,265.770000000,98,B
2026-03-02 12:03:34.226335999,265.770000000,5,B
2026-03-02 12:03:34.226335999,265.770000000,100,B
2026-03-02 12:03:34.226335999,265.770000000,17,B
2026-03-02 12:03:34.226359570,265.770000000,1,B
2026-03-02 12:03:34.226360667,265.770000000,82,B
2026-03-02 12:03:34.226808896,265.770000000,100,A
2026-03-02 12:03:35.095600080,265.770000000,50,A
2026-03-02 12:03:36.277532887,265.770000000,21,A
2026-03-02 12:03:36.277591508,265.770000000,79,A
2026-03-02 12:03:36.277614674,265.760000000,100,A
2026-03-02 12:03:36.277614674,265.760000000,46,A
2026-03-02 12:03:36.277624757,265.770000000,126,B
2026-03-02 12:03:36.277647540,265.760000000,1,B
2026-03-02 12:03:36.277714642,265.760000000,10,B
2026-03-02 12:03:36.277735779,265.760000000,89,B
2026-03-02 12:03:36.277735779,265.760000000,100,B
2026-03-02 12:03:36.287253662,265.760000000,51,A
2026-03-02 12:03:36.287253662,265.760000000,1,A
2026-03-02 12:03:38.771573992,265.760000000,8,B
2026-03-02 12:03:40.439111735,265.760000000,3,B
2026-03-02 12:03:40.439147974,265.760000000,17,B
2026-03-02 12:03:41.690703801,265.750000000,200,A
2026-03-02 12:03:41.690703801,265.750000000,108,A
2026-03-02 12:03:41.690703801,265.750000000,189,A
2026-03-02 12:03:41.691268816,265.740000000,52,A
2026-03-02 12:03:41.694029483,265.730000000,35,A
2026-03-02 12:03:41.694051216,265.730000000,35,A
2026-03-02 12:03:41.694075706,265.730000000,65,A
2026-03-02 12:03:42.354457097,265.730000000,101,B
2026-03-02 12:03:42.354457097,265.730000000,20,B
2026-03-02 12:03:42.354457097,265.730000000,20,B
2026-03-02 12:03:42.355740093,265.740000000,1,B
2026-03-02 12:03:43.206636524,265.710000000,25,A
2026-03-02 12:03:43.206636524,265.710000000,54,A
2026-03-02 12:03:43.206636524,265.710000000,10,A
2026-03-02 12:03:43.206659091,265.710000000,1,A
2026-03-02 12:03:43.206784168,265.720000000,20,B
2026-03-02 12:03:43.206784168,265.720000000,25,B
2026-03-02 12:03:43.206784168,265.720000000,43,B
2026-03-02 12:03:43.206808156,265.720000000,1,B
2026-03-02 12:03:43.224901544,265.710000000,36,A
2026-03-02 12:03:43.224901544,265.710000000,25,A
2026-03-02 12:03:43.506510282,265.700000000,51,A
2026-03-02 12:03:43.506510282,265.700000000,120,A
2026-03-02 12:03:43.506510282,265.700000000,25,A
2026-03-02 12:03:43.506623388,265.690000000,100,A
2026-03-02 12:03:44.479132899,265.670000000,25,B
2026-03-02 12:03:44.854408208,265.680000000,20,B
2026-03-02 12:03:44.914148530,265.680000000,20,B
2026-03-02 12:03:44.983388542,265.680000000,20,B
2026-03-02 12:03:48.180207914,265.690000000,1,B
2026-03-02 12:03:48.180207914,265.690000000,20,B
2026-03-02 12:03:48.197266900,265.700000000,20,B
2026-03-02 12:03:48.197760053,265.700000000,5,B
2026-03-02 12:03:48.226359860,265.690000000,10,A
2026-03-02 12:03:48.226359860,265.690000000,15,A
2026-03-02 12:03:48.226415061,265.690000000,1,A
2026-03-02 12:03:48.229058934,265.680000000,60,A
2026-03-02 12:03:50.014921373,265.680000000,1,B
2026-03-02 12:03:51.450412823,265.670000000,2,A
2026-03-02 12:03:51.450412823,265.670000000,100,A
2026-03-02 12:03:51.472731639,265.660000000,103,A
2026-03-02 12:03:51.472731639,265.660000000,4,A
2026-03-02 12:03:52.138951314,265.660000000,20,B
2026-03-02 12:03:53.191803119,265.670000000,1,B
2026-03-02 12:03:53.191829413,265.670000000,19,B
2026-03-02 12:03:53.191829413,265.670000000,1,B
2026-03-02 12:03:53.674965921,265.680000000,20,B
2026-03-02 12:03:55.757478404,265.700000000,20,B
2026-03-02 12:03:55.758508884,265.710000000,2,B
2026-03-02 12:03:55.758529424,265.710000000,18,B
2026-03-02 12:03:55.875466889,265.720000000,20,B
2026-03-02 12:03:56.727456246,265.730000000,20,B
2026-03-02 12:03:56.727456246,265.730000000,20,B
2026-03-02 12:03:56.729105779,265.740000000,20,B
2026-03-02 12:03:56.729105779,265.740000000,20,B
2026-03-02 12:03:57.088116362,265.750000000,5,B
2026-03-02 12:03:57.088116362,265.750000000,20,B
2026-03-02 12:03:58.259988590,265.760000000,5,B
2026-03-02 12:03:59.945324239,265.780000000,5,B
2026-03-02 12:03:59.945324239,265.780000000,1,B
2026-03-02 12:03:59.945324239,265.780000000,20,B
2026-03-02 12:04:00.288670748,265.790000000,6,B
2026-03-02 12:04:00.318501150,265.780000000,4,A
2026-03-02 12:04:00.989189282,265.770000000,100,A
2026-03-02 12:04:02.438042199,265.760000000,16,A
2026-03-02 12:04:05.995448706,265.780000000,20,B
2026-03-02 12:04:05.995448706,265.780000000,100,B
2026-03-02 12:04:05.995448706,265.780000000,20,B
2026-03-02 12:04:06.685799494,265.790000000,20,B
2026-03-02 12:04:06.698439077,265.800000000,29,B
2026-03-02 12:04:06.698439077,265.800000000,5,B
2026-03-02 12:04:08.507158784,265.840000000,10,B
2026-03-02 12:04:08.837824939,265.870000000,10,B
2026-03-02 12:04:08.963690623,265.880000000,1,B
2026-03-02 12:04:09.154486760,265.900000000,5,B
2026-03-02 12:04:10.157090588,265.920000000,3,B
2026-03-02 12:04:10.157347087,265.920000000,32,B
2026-03-02 12:04:10.158014197,265.930000000,20,B
2026-03-02 12:04:10.158014197,265.930000000,2,B
2026-03-02 12:04:10.158014197,265.930000000,25,B
2026-03-02 12:04:10.158014197,265.930000000,20,B
2026-03-02 12:04:10.327167646,265.920000000,25,A
2026-03-02 12:04:10.658559200,265.930000000,10,B
2026-03-02 12:04:10.658559200,265.930000000,20,B
2026-03-02 12:04:11.453301149,265.940000000,1,B
2026-03-02 12:04:11.453301149,265.940000000,20,B
2026-03-02 12:04:11.453301149,265.940000000,1,B
2026-03-02 12:04:11.453324348,265.940000000,1,B
2026-03-02 12:04:11.506306858,265.930000000,25,A
2026-03-02 12:04:12.618674254,265.920000000,100,A
2026-03-02 12:04:12.618674254,265.920000000,100,A
2026-03-02 12:04:12.618674254,265.920000000,100,A
2026-03-02 12:04:12.618696541,265.920000000,6,A
2026-03-02 12:04:12.618696541,265.920000000,100,A
2026-03-02 12:04:12.630068984,265.930000000,77,B
2026-03-02 12:04:15.357689638,265.940000000,1,B
2026-03-02 12:04:16.029722645,265.940000000,20,B
2026-03-02 12:04:16.029749073,265.940000000,41,B
2026-03-02 12:04:16.048878374,265.940000000,10,A
2026-03-02 12:04:16.048878374,265.940000000,41,A
2026-03-02 12:04:17.029209752,265.950000000,2,B
2026-03-02 12:04:17.029209752,265.950000000,1,B
2026-03-02 12:04:17.029209752,265.950000000,50,B
2026-03-02 12:04:17.314026756,265.960000000,20,B
2026-03-02 12:04:17.926006953,265.960000000,10,B
2026-03-02 12:04:18.103144487,265.960000000,100,B
2026-03-02 12:04:18.249128077,265.980000000,10,B
2026-03-02 12:04:18.249128077,265.980000000,1,B
2026-03-02 12:04:18.249128077,265.980000000,1,B
2026-03-02 12:04:18.249128077,265.980000000,10,B
2026-03-02 12:04:18.249601926,265.990000000,1,B
2026-03-02 12:04:18.249601926,265.990000000,1,B
2026-03-02 12:04:18.249601926,265.990000000,1,B
2026-03-02 12:04:18.249601926,265.990000000,1,B
2026-03-02 12:04:18.582675459,265.980000000,10,A
2026-03-02 12:04:18.644322290,265.980000000,9,A
2026-03-02 12:04:18.682354522,265.980000000,10,A
2026-03-02 12:04:18.821389139,265.980000000,10,A
2026-03-02 12:04:18.821389139,265.980000000,100,A
2026-03-02 12:04:19.522091111,265.970000000,100,A
2026-03-02 12:04:19.801954043,265.970000000,75,A
2026-03-02 12:04:19.814409888,265.980000000,15,B
2026-03-02 12:04:20.797400823,265.970000000,109,A
2026-03-02 12:04:20.797400823,265.970000000,100,A
2026-03-02 12:04:20.797652398,265.970000000,3,B
2026-03-02 12:04:25.580121615,265.950000000,100,A
2026-03-02 12:04:25.580121615,265.950000000,250,A
2026-03-02 12:04:25.580233879,265.940000000,3,A
2026-03-02 12:04:25.580233879,265.940000000,100,A
2026-03-02 12:04:26.474850490,265.940000000,20,B
2026-03-02 12:04:26.474850490,265.940000000,25,B
2026-03-02 12:04:27.845236578,265.970000000,25,B
2026-03-02 12:04:27.845257887,265.970000000,10,B
2026-03-02 12:04:27.845257887,265.970000000,25,B
2026-03-02 12:04:30.822614235,265.960000000,100,A
2026-03-02 12:04:32.633361575,265.970000000,25,B
2026-03-02 12:04:32.633361575,265.970000000,20,B
2026-03-02 12:04:32.633361575,265.970000000,1,B
2026-03-02 12:04:32.656752480,265.970000000,1,B
2026-03-02 12:04:35.656618534,265.960000000,100,A
2026-03-02 12:04:35.656618534,265.960000000,101,A
2026-03-02 12:04:35.658312635,265.950000000,105,A
2026-03-02 12:04:36.964083560,265.950000000,1,A
2026-03-02 12:04:36.964083560,265.950000000,25,A
2026-03-02 12:04:36.964083560,265.940000000,3,A
2026-03-02 12:04:36.964083560,265.940000000,20,A
2026-03-02 12:04:37.002651891,265.960000000,7,B
2026-03-02 12:04:45.607247127,265.930000000,1,A
2026-03-02 12:04:45.607247127,265.930000000,31,A
2026-03-02 12:04:45.607268636,265.930000000,1,A
2026-03-02 12:04:45.607273599,265.930000000,68,A
2026-03-02 12:04:45.607273599,265.930000000,1,A
2026-03-02 12:04:45.607273599,265.930000000,71,A
2026-03-02 12:04:45.607296243,265.930000000,31,A
2026-03-02 12:04:45.607296243,265.930000000,49,A
2026-03-02 12:04:45.607329041,265.930000000,31,A
2026-03-02 12:04:45.607663844,265.930000000,20,A
2026-03-02 12:04:45.627707062,265.935000000,100,B
2026-03-02 12:04:45.638941172,265.930000000,100,A
2026-03-02 12:04:50.879608550,265.930000000,100,A
2026-03-02 12:04:50.879608550,265.920000000,10,A
2026-03-02 12:04:50.879608550,265.920000000,25,A
2026-03-02 12:04:50.879608550,265.920000000,1,A
2026-03-02 12:04:50.879608550,265.920000000,25,A
2026-03-02 12:04:50.879608550,265.920000000,900,A
2026-03-02 12:04:50.879633285,265.920000000,1,A
2026-03-02 12:04:50.879649823,265.920000000,9,A
2026-03-02 12:04:50.879902101,265.930000000,13,B
2026-03-02 12:04:50.879902101,265.940000000,100,B
2026-03-02 12:04:50.879902101,265.940000000,50,B
2026-03-02 12:04:50.879902101,265.940000000,82,B
2026-03-02 12:04:50.879902101,265.940000000,2,B
2026-03-02 12:04:50.879902101,265.940000000,5,B
2026-03-02 12:04:50.879902101,265.940000000,300,B
2026-03-02 12:04:50.879902101,265.940000000,25,B
2026-03-02 12:04:50.879902101,265.940000000,100,B
2026-03-02 12:04:51.073354384,265.960000000,50,B
2026-03-02 12:04:51.073374505,265.960000000,1,B
2026-03-02 12:04:51.598730088,265.955000000,53,A
2026-03-02 12:04:51.598730088,265.950000000,47,A
2026-03-02 12:04:52.243048667,265.950000000,53,A
2026-03-02 12:04:52.243048667,265.950000000,107,A
2026-03-02 12:04:52.665261916,265.940000000,2,A
2026-03-02 12:04:53.072670103,265.940000000,48,A
2026-03-02 12:04:53.073050589,265.940000000,50,A
2026-03-02 12:04:53.610721153,265.950000000,100,A
2026-03-02 12:04:53.610721153,265.950000000,10,A
2026-03-02 12:04:53.701751327,265.940000000,10,A
2026-03-02 12:04:56.758780855,265.935000000,5,A
2026-03-02 12:04:56.758780855,265.930000000,5,A
2026-03-02 12:04:57.363895524,265.940000000,1,B
